{
  "Total" : {
    "transaction" : "Total",
    "sampleCount" : 1800,
    "errorCount" : 29,
    "errorPct" : 1.6111112,
    "meanResTime" : 2032.5061111111117,
    "medianResTime" : 118.0,
    "minResTime" : 36.0,
    "maxResTime" : 78522.0,
    "pct1ResTime" : 598.0,
    "pct2ResTime" : 1407.8499999999995,
    "pct3ResTime" : 77002.84,
    "throughput" : 13.07047162618451,
    "receivedKBytesPerSec" : 12.947092103710562,
    "sentKBytesPerSec" : 5.123863141270014
  },
  "2359project" : {
    "transaction" : "2359project",
    "sampleCount" : 1800,
    "errorCount" : 29,
    "errorPct" : 1.6111112,
    "meanResTime" : 2032.5061111111117,
    "medianResTime" : 118.0,
    "minResTime" : 36.0,
    "maxResTime" : 78522.0,
    "pct1ResTime" : 598.0,
    "pct2ResTime" : 1407.8499999999995,
    "pct3ResTime" : 77002.84,
    "throughput" : 13.07047162618451,
    "receivedKBytesPerSec" : 12.947092103710562,
    "sentKBytesPerSec" : 5.123863141270014
  }
}